r,U
0.01,50.0
0.03,19.437998438861122
0.05,20.35181785804422
0.07,19.219309043195008
0.09,17.011505760335208
0.11,14.436205630705548
0.13,11.86089710651774
0.15,9.471190301497124
0.1699999999999999,7.382527602833718
0.19,5.690275512780583
0.21,4.467533525104298
0.2299999999999999,3.6997550552316207
0.25,3.2545181218162735
0.27,2.9559449715741293
0.29,2.694500662862459
0.31,2.4551272148469536
0.33,2.2688743032026935
0.35,2.166177450626458
0.37,2.1661698770695423
0.39,2.282044469751205
0.41,2.519392269249635
0.43,2.8694248661803368
0.45,3.311823369224002
0.47,3.828409075758045
0.49,4.4042876198475485
0.51,5.0012646462384
0.53,5.537738224717555
0.55,5.924406633064248
0.5700000000000001,6.130047738270487
0.59,6.180350452032527
0.61,6.08083355374949
0.63,5.810083606434822
0.65,5.448583559936702
0.67,5.251941214652388
0.6900000000000001,5.489809076799882
0.71,6.203032597077855
0.73,7.169987877118719
0.75,8.100420103216255
0.77,8.819778641454882
0.79,9.297441383608678
0.81,9.57961694200085
0.8300000000000001,9.726079024250339
0.85,9.779490041890046
0.87,9.755284412583602
0.89,9.641650766206883
0.91,9.407351639861997
0.93,9.01573527279507
0.95,8.456274468594263
0.97,7.802011644882335
0.99,7.247701948175066
1.01,7.035681097999823
1.03,7.280003383519863
1.05,7.870251698158753
1.07,8.57553917091375
1.09,9.219656252517623
1.11,9.744921813938475
1.13,10.162694435376999
1.15,10.493845857288282
1.17,10.747035405025041
1.19,10.919489109641688
1.21,11.002092911684993
1.23,10.986338475256982
1.25,10.869655383720424
1.27,10.656773550059082
1.29,10.352824767764911
1.31,9.95376653523066
1.33,9.443331223211537
1.35,8.816013122989453
1.37,8.13609317770312
1.39,7.582445233266919
1.41,7.381428670885232
1.43,7.636055119757475
1.45,8.231545595230035
1.47,8.93790846214905
1.49,9.582743691857743
1.51,10.11273833273966
1.53,10.541491368782317
1.55,10.889461565919419
1.57,11.167328026384972
1.59,11.384058843293662
1.61,11.552679777462
1.63,11.688514827082479
1.65,11.804815703733514
1.67,11.911502539488492
1.69,12.014067471789605
1.71,12.110760803430395
1.73,12.1909373368043
1.75,12.238299378184209
1.77,12.2372782825198
1.79,12.17753239049923
1.81,12.054601717321358
1.83,11.867960077739749
1.85,11.617059396850394
1.87,11.297285246082279
1.89,10.896762953945405
1.91,10.396153975815508
1.93,9.7725648701512
1.95,9.022139759979233
1.97,8.2134105823652
1.99,7.526807974847528
2.01,7.186577936251736
2.03,7.29153575147924
2.05,7.720150069835495
2.0700000000000003,8.229488758177162
2.09,8.626388867043904
2.1100000000000003,8.830606715379393
2.13,8.826222662742115
2.1500000000000004,8.606557630917003
2.17,8.179953328450349
2.1900000000000004,7.631206880685849
2.21,7.166322126868571
2.2300000000000004,7.039312427988823
2.25,7.372438908462649
2.2700000000000005,8.056814071628931
2.29,8.856335945147524
2.31,9.588012146796505
2.33,10.192468125452343
2.35,10.68558487930417
2.37,11.09428768817489
2.39,11.432378282773776
2.41,11.704986529122813
2.43,11.916416633276526
2.45,12.072261089362367
2.47,12.17720082860901
2.49,12.234803711690105
2.51,12.249280045858384
2.53,12.228232162375882
2.55,12.184405321785377
2.5700000000000003,12.132951604960354
2.59,12.083115953565027
2.6100000000000003,12.029533584519584
2.63,11.950398027138903
2.6500000000000004,11.814022702085257
2.67,11.588537869818381
2.6900000000000004,11.249818488275018
2.71,10.782994241823815
2.7300000000000004,10.177610717620503
2.75,9.421569498451056
2.7700000000000005,8.516879061826973
2.79,7.534319577223479
2.81,6.658469758858815
2.83,6.121732377047395
2.85,6.031136890539581
2.87,6.26709548754524
2.89,6.57676044033022
2.91,6.745006468076805
2.93,6.668751196399769
2.95,6.340994838600975
2.97,5.8496123958673225
2.99,5.392778594117806
3.01,5.2068349861410566
3.03,5.397688292112682
3.05,5.84457784153675
3.0700000000000003,6.2955724809903275
3.09,6.541817378501663
3.1100000000000003,6.511860020671915
3.13,6.288000870925939
3.1500000000000004,6.090096463857763
3.17,6.18000192126368
3.1900000000000004,6.6856565520706726
3.21,7.5061268964950285
3.2300000000000004,8.414111530536324
3.25,9.231392171582847
3.2700000000000005,9.898673450008793
3.29,10.430575916081075
3.3100000000000005,10.854342189601077
3.33,11.184288807860579
3.35,11.422620216065543
3.37,11.566987016170884
3.39,11.616803649223172
3.41,11.574372827773828
3.43,11.443128131544515
3.45,11.224622046422358
3.47,10.917035939873685
3.49,10.513041586630049
3.51,9.997693684862913
3.53,9.350949280935676
3.55,8.572626192326638
3.5700000000000003,7.739791055136268
3.59,7.0476876637417325
3.61,6.7391304993295185
3.63,6.930766187191474
3.65,7.513369920208334
3.67,8.24752201549563
3.69,8.935992617469712
3.71,9.49678682473176
3.73,9.92639523445154
3.75,10.244339412980509
3.770000000000001,10.466414154792727
3.79,10.598955071779045
3.810000000000001,10.63936833117219
3.83,10.579004199826066
3.85,10.405450463041017
3.87,10.104620195648764
3.89,9.658662308987733
3.91,9.042679546308499
3.93,8.227429173176237
3.95,7.205102851631044
3.97,6.044856111798096
3.99,4.9299109115005875
4.01,4.083820412020047
4.03,3.598016334387342
4.050000000000001,3.338239906563178
4.07,3.06447506499034
4.09,2.6566491505229752
4.109999999999999,2.224427037493226
4.13,1.9950438620921105
4.15,2.0823071786330916
4.17,2.367341132159318
4.19,2.6192956297427052
4.21,2.727060992351576
4.23,2.810896409809396
4.25,3.1108818049561515
4.27,3.759489701915469
4.29,4.661670561187694
4.3100000000000005,5.589495668261056
4.33,6.354192838810325
4.35,6.874830783841655
4.37,7.136765615376052
4.390000000000001,7.140618676441485
4.41,6.905494148463544
4.43,6.524879252006689
4.45,6.20831131674172
4.470000000000001,6.210463280518899
4.49,6.657228391514377
4.51,7.44898041260971
4.53,8.359546044557074
4.550000000000001,9.208791889346259
4.57,9.93124276801381
4.59,10.533346058518006
4.61,11.035753942733624
4.63,11.449906885237503
4.65,11.778270747671101
4.67,12.01957494435582
4.69,12.173975482533734
4.71,12.246534496041981
4.73,12.249164201073278
4.75,12.197406893061835
4.77,12.102357999610437
4.79,11.962766882055607
4.8100000000000005,11.763150283375083
4.83,11.478767806708863
4.85,11.083008289557089
4.87,10.553258646866265
4.890000000000001,9.871225095613461
4.91,9.019013667768462
4.93,7.976613249896009
4.95,6.741822834056015
4.970000000000001,5.383296002608282
4.99,4.079027284394891
5.01,3.0479103532281213
5.03,2.400378429488442
5.050000000000001,2.0974589809175583
5.07,2.090767711589768
5.09,2.426216874560957
5.11,3.1410497528249604
5.13,4.123138753807377
5.15,5.15013560397873
5.17,6.038588112104901
5.19,6.7150749738697
5.21,7.18048357260263
5.23,7.455498530270039
5.25,7.555452316454784
5.27,7.486064647183935
5.29,7.244273187093078
5.3100000000000005,6.823350753202267
5.33,6.236410968211541
5.35,5.570255006091172
5.37,5.022688307322249
5.390000000000001,4.831285809916998
5.41,5.1022754056877675
5.43,5.714657522185024
5.45,6.418752777837848
5.470000000000001,7.0093610278470555
5.49,7.396716179136054
5.51,7.567201298697909
5.53,7.526739863176963
5.550000000000001,7.275785048896574
5.57,6.8083480620085135
5.59,6.134701894270871
5.61,5.335661105113274
5.63,4.601820938227674
5.65,4.166934662460469
5.67,4.140792720759481
5.69,4.4130694723433175
5.71,4.743598605213257
5.73,4.925262096790218
5.75,4.8538331502059
5.77,4.514782425265806
5.79,3.9885333045866824
5.8100000000000005,3.4703092400776354
5.83,3.1982549194912657
5.85,3.281881425258775
5.87,3.6051525169911303
5.890000000000001,3.9215274614750504
5.91,4.023796692837748
5.93,3.8150858413967637
5.95,3.290111074570147
5.970000000000001,2.5303308528796205
5.99,1.7173198312088624
6.01,1.0671468265380177
6.03,0.6927566448221416
6.050000000000001,0.5693593021442815
6.07,0.6682793136001202
6.09,1.0508761656815073
6.11,1.7612254999241905
6.130000000000001,2.6876039072465447
6.15,3.6053407825275823
6.17,4.327517048118188
6.19,4.775819488711163
6.21,4.941678384482926
6.23,4.828723485607736
6.25,4.429649456828117
6.27,3.748952665359509
6.29,2.861434175690035
6.3100000000000005,1.953508677767843
6.33,1.2551357200137394
6.35,0.890676784884576
6.37,0.8352686576246384
6.390000000000001,1.050079148628991
6.41,1.5842210121711222
6.43,2.4751216327573857
6.45,3.6119951555213454
6.470000000000001,4.775744667919747
6.49,5.786120102547151
6.51,6.570874468007259
6.53,7.129421144305755
6.550000000000001,7.4794791518485875
6.57,7.634499468690604
6.59,7.601503457815245
6.61,7.381454003412075
6.630000000000001,6.971399846211217
6.65,6.385008747427777
6.67,5.705947571527475
6.69,5.127770684587822
6.71,4.886629880580723
6.73,5.09263061454734
6.75,5.632731810569056
6.77,6.265445075327391
6.79,6.79102532894701
6.8100000000000005,7.12218828027427
6.83,7.2448483503359205
6.85,7.162315846755454
6.87,6.873227450508648
6.890000000000001,6.370450745473927
6.91,5.6413570105514035
6.93,4.668872977319865
6.95,3.4495594628139115
6.970000000000001,2.0440888485704054
6.99,0.6170105797056502
7.01,-0.6077760386435518
7.03,-1.4565122804944983
7.050000000000001,-1.8586480938211762
7.07,-1.8223537196335373
7.09,-1.4413205359055428
7.11,-0.9254499296420251
7.130000000000001,-0.5403501697129358
7.15,-0.4664542522792101
7.17,-0.6987835082548801
7.19,-1.0521903445345888
7.21,-1.2829028618756375
7.23,-1.256252106173334
7.25,-0.9887849659885699
7.27,-0.510507286702047
7.29,0.23677265403636927
7.31,1.2987892296983699
7.33,2.5728090399401955
7.35,3.8476953198171406
7.37,4.951032978815127
7.390000000000001,5.818281440103839
7.41,6.455712654026262
7.43,6.885729556285324
7.45,7.123060878039971
7.470000000000001,7.175085921081142
7.49,7.044265242046278
7.51,6.7276276266911745
7.53,6.217117796803154
7.550000000000001,5.522185646297836
7.57,4.724500234588455
7.59,4.016130447050586
7.61,3.628476569482517
7.630000000000001,3.6628683208282258
7.65,3.9972436269600395
7.67,4.385689973814368
7.689999999999999,4.628003171337903
7.71,4.635033528327356
7.73,4.386585748015421
7.75,3.8963113277340335
7.77,3.244825152891842
7.79,2.621310405595686
7.81,2.2586355476325624
7.83,2.2647764891737587
7.85,2.524712497456065
7.87,2.795222189236161
7.890000000000001,2.8729983444750644
7.91,2.6635079378103157
7.93,2.1449013660659366
7.95,1.3325136662536305
7.970000000000001,0.3030414674514894
7.99,-0.7704495103217908
8.01,-1.659750333492466
8.030000000000001,-2.1849455952418078
8.05,-2.2642070203150517
8.07,-1.8901737949436939
8.09,-1.1389678264921947
8.11,-0.20117806114142134
8.13,0.6756819125191385
8.15,1.304303165124348
8.17,1.6071511210628877
8.19,1.5958991081005616
8.21,1.3695152550567515
8.23,1.13113795946711
8.25,1.1211246698311497
8.27,1.4552476821965739
8.29,2.0307200938091174
8.31,2.61684290561611
8.33,3.0198393724416333
8.35,3.152330255440835
8.370000000000001,2.9953535914722
8.39,2.543049988339602
8.41,1.7815680993804301
8.43,0.7081416647981875
8.45,-0.6155469869030537
8.47,-2.0219608902442854
8.49,-3.2845051686302376
8.51,-4.229914611875404
8.530000000000001,-4.7905638147086975
8.55,-4.957165971651072
8.57,-4.727899112183298
8.59,-4.097307627215178
8.61,-3.0680954713445217
8.63,-1.7037751429795973
8.65,-0.176381866971822
8.67,1.2885429328499516
8.690000000000001,2.5277514507236276
8.71,3.4870620261587773
8.73,4.1781539537483985
8.75,4.622768399407689
8.77,4.829539068621918
8.79,4.794305705540036
8.81,4.50787481746129
8.83,3.9604353135919466
8.85,3.1397137679313873
8.870000000000001,2.0302845106170615
8.89,0.6311940486153036
8.91,-0.9941791947531207
8.93,-2.6807748361322874
8.95,-4.210996030877441
8.97,-5.427082620317649
8.99,-6.2635523933534305
9.01,-6.662985525100367
9.03,-6.531120903001856
9.05,-5.8280391509176575
9.07,-4.681198914712063
9.09,-3.372958054163341
9.11,-2.2058787831643176
9.13,-1.3761435879881656
9.15,-0.9347250986344653
9.17,-0.791298131013336
9.19,-0.7286962734209887
9.21,-0.49102406749181604
9.23,0.04721991367403966
9.25,0.7871437477176508
9.27,1.5019826668409522
9.29,2.0046009720613975
9.31,2.2138827292056646
9.33,2.1137963575438308
9.35,1.702680885541909
9.37,0.9927854971311803
9.39,0.06010069087274683
9.41,-0.9139566729152078
9.43,-1.6863917271637106
9.45,-2.0646367470268028
9.47,-1.961295777379478
9.49,-1.3681055132335338
9.51,-0.35657299119762875
9.53,0.8952714422286414
9.55,2.158201899978394
9.57,3.2641836103495097
9.59,4.150704056070087
9.61,4.8184094451084105
9.63,5.2781415220153916
9.65,5.531704911748505
9.67,5.574566781116002
9.69,5.402053361856049
9.71,5.011962287046869
9.73,4.400490219944522
9.75,3.557212905241559
9.77,2.4626856071158114
9.79,1.1078199516964045
9.81,-0.4507302877940673
9.83,-2.0299779180979503
9.85,-3.3365934445366596
9.87,-4.095261215725542
9.89,-4.207603258359173
9.91,-3.8193693037026413
9.93,-3.2468027793978207
9.95,-2.8124862156442196
9.97,-2.699059433186475
9.99,-2.9012981552925137
